SAMPLENAMEID,LASTNAME,FIRSTNAME,GENDER
1,Abbott,Arnold,M
2,Abel,Mary,F
3,Alexander,Charles,M
4,Adams,Juanita,F
5,Abrams,Regina,F
6,Adkins,Adrian,M
7,Akers,Mark,M
8,Aldrich,Becky,F
9,Allbright,Hank,M
10,Allen,Joseph,M
11,Anderson,Amy,F
12,Baker,Thad,M
13,Bailey,Anissa,F
14,Baez,Carmen,F
15,Baldwin,Anna,F
16,Ball,Pierre,M
17,Bell,Linda,F
18,Brown,Allen,M
19,Buchanon,Faye,F
20,Cardwell,Eugene,M
21,Carpenter,Frieda,F
22,Carter,James,M
23,Cartwright,Ada,F
24,Carver,George,M
25,Cash,Trina,F
26,Cherry,Dean,M
27,Childress,Emma,F
28,Clark,Richard,M
29,Clay,Earl,M
30,Coffey,Gladys,F
31,Cole,Lisa,F
32,Collins,Brian,M
33,Combs,Larry,M
34,Cook,Betty,F
35,Cox,Roger,M
36,Craig,Wilma,F
37,Crowe,Leisha,F
38,Cummings,Lindsey,F
39,Cunningham,Ronald,M
40,Dalton,Ben,M
41,Daniel,Joe,M
42,Carrow,Clarence,M
43,Day,Dawn,F
44,Davidson,Bud,M
45,Davis,Avery,F
46,Dean,Leslie,F
47,Dennison,Alma,F
48,Denton,Jeff,M
49,DeVore,Frank,M
50,Dillard,Neal,M
51,Dixon,John,M
52,Donaldson,Sam,M
53,Douglas,Ruth,F
54,Downing,Karen,F
55,Drake,Roberta,F
56,Driver,Barbara,F
57,Duncan,Carl,M
58,Dunn,Janet,F
59,Dye,Carol,F
60,Eaton,Dan,M
61,Edmunds,Alvie,M
62,Elmore,Leonard,M
63,Elliott,Jennifer,F
64,England,Rosie,F
65,Embry,Darcy,F
66,Ervin,Michael,M
67,Evans,Cora,F
68,Farley,Gene,M
69,Farmer,Lena,F
70,Farris,Harold,M
71,Fields,Janice,F
72,Ferguson,Jack,M
73,Finn,Dee,F
74,Fisher,Heather,F
75,Forbes,Floyd,M
76,Ford,Jerry,M
77,Fostor,Agnes,F
78,Foster,Margaret,F
79,Fowler,Craig,M
80,Francis,Alan,M
81,Franklin,Daisy,F
82,Freeman,Jay,M
83,Froedge,Elwood,M
84,Frost,Christa,F
85,Fugate,Susan,F
86,Fuller,Rodney,M
87,Gaines,Randy,M
88,Galloway,Carrie,F
89,Gamble,Patricia,F
90,Garner,Francis,F
91,Garrett,David,M
92,Garrison,Lester,M
93,Gentry,Etta,F
94,Gibson,Albert,M
95,Gilbert,Owen,M
96,Gillespie,Sheila,F
97,Gilliam,Lori,F
98,Givens,Robin,F
99,Glass,Tina,F
100,Goad,Kelly,F
101,Goff,Perry,M
102,Gomez,Jesus,M
103,Gossett,Louis,M
104,Grace,Joan,F
105,Graham,Lloyd,M
106,Gray,Phyllis,F
107,Grayson,Alice,F
108,Green,Sidney,M
109,Greer,Marvin,M
110,Gregory,Greg,M
111,Griffen,Thelma,F
112,Grimes,Scott,M
113,Grissom,Bill,M
114,Groce,Donna,F
115,Groves,Vicky,F
116,Hagan,Kenny,M
117,Hale,Melinda,F
118,Haley,Terry,M
119,Hall,Ernest,M
120,Hamilton,Gary,M
121,Hammer,Rhonda,F
122,Bowe,Jahala,F
123,Hampton,Annie,F
124,Hanes,Vern,M
125,Hansen,Doris,F
126,Hardcastle,Glen,M
127,Hardin,Shirley,F
128,Harper,Herbert,M
129,Harris,Audrey,F
130,Harrison,Basil,M
131,Hart,Cathy,F
132,Harvey,Paul,M
133,Hatcher,Terri,F
134,Hathaway,Anthony,M
135,Haynes,Duane,M
136,Hays,Dorothy,F
137,Henderson,Marion,F
138,Henson,Buck,M
139,Herndon,Wallace,M
140,Herrington,Crystal,F
141,Hester,Christine,F
142,Hicks,Keith,M
143,Hill,Fred,M
144,Hines,Dale,M
145,Hinton,Alfred,M
146,Hodges,Kaye,F
147,Hoffman,Stephanie,F
148,Holder,DuJuan,M
149,Holland,Melanie,F
150,Hooks,Lou Ann,F
151,Hood,Jewell,F
152,Hooper,Kent,M
153,Hopkins,Peggy,F
154,Horn,Darrell,M
155,Howard,Joyce,F
156,Howe,Martin,M
157,Howell,Gordon,M
158,Hudson,Nancy,F
159,Huffman,Elaine,F
160,Hughes,Theresa,F
161,Hull,Seth,M
162,Humphrey,Beverly,F
163,Hunt,Doug,M
164,Hunton,Diane,F
165,Hurt,Alvin,M
166,Ingram,Pearl,F
167,Jackson,Adam,M
168,James,Courtney,F
169,Jenkins,Milt,M
170,Jennings,Chester,M
171,Jernigan,Kimberly,F
172,Johns,Nora,F
173,Johnson,Dwight,M
174,Jones,Wanda,F
175,Jordan,Henry,M
176,Justice,Rita,F
177,Kajka,Stephen,M
178,Katchak,Patrick,M
179,Keen,Evelyn,F
180,Kennedy,Phillip,M
181,Key,Andrea,F
182,Kidd,Toni,F
183,Killen,Charlotte,F
184,King,Hazel,F
185,Kinser,Dennis,M
186,Kirby,Lee,M
187,Knight,Leon,M
188,Lack,Roy,M
189,Lamb,Bryce,M
190,Lancaster,Burt,M
191,Latham,Chad,M
192,Lawrence,Bernice,F
193,Lawson,Chelsea,F
194,Lee,Wesley,M
195,Lehman,Tracy,F
196,Lewis,Brent,M
197,Lightfoot,Sherri,F
198,Lindsey,Elizabeth,F
199,Link,Martha,F
200,Little,Cassy,F
201,Livingston,Golda,F
202,Locke,Laura,F
203,Logan,Sandy,F
204,London,Sharon,F
205,Long,Artie,M
206,Love,Marshall,M
207,Lyons,Jolene,F
208,Madden,Brenda,F
209,Madison,Carla,F
210,Mahoney,Eric,M
211,Mallory,Gilbert,M
212,Mann,Gayle,F
213,Mansfield,Ed,M
214,Markham,Stan,M
215,Marlow,Jesse,M
216,Martin,Carlos,M
217,Mason,Cheryl,F
218,Massey,Ishel,M
219,Matthews,Sarah,F
220,May,Mandy,F
221,Mayes,Mindy,F
222,Mayhew,Ashley,F
223,Maynard,Russell,M
224,McCain,Curtis,M
225,McCartney,Walter,M
226,McCoy,Chris,M
227,Hatfield,Jackie,F
228,McDonald,Miranda,F
229,McDougal,Taylor,M
230,McFarland,Wilmer,M
231,McGuire,Clive,M
232,McKinney,Kevin,M
233,McPherson,Carly,F
235,Meyer,Nathan,M
236,Middleton,Bonita,F
237,Miller,Katy,F
238,Mills,Gina,F
239,Minor,Allison,F
240,Mitchell,Derek,M
241,Monroe,Shannon,M
242,Montgomery,Brad,M
243,Moore,Daphne,F
244,Morgan,Geneva,F
245,Morris,Orson,M
246,Morrison,Tim,M
247,Moseley,Lucille,F
248,Murphy,Sean,M
249,Murray,Luther,M
250,Nakamura,Donald,M
251,Nash,Raquel,F
252,Neal,Guy,M
253,Neely,Beth,F
254,Newman,Penny,F
255,Nichols,Cindy,F
256,Norris,April,F
257,North,Preston,M
258,Oberhausen,Tony,M
259,O'Connor,Julie,F
260,Oliver,Reva,F
261,Olson,Wayne,M
262,Osborne,Lynn,F
263,Owens,Dallas,M
264,Pace,Jessica,F
265,Page,Jean,F
266,Palmer,Todd,M
267,Pardue,Hugh,M
268,Parker,Andy,M
269,Parrish,Travis,M
270,Patterson,Angela,F
271,Payne,Bernard,M
272,Pearson,Lorene,F
273,Peck,Harlen,M
274,Pedigo,Gertrude,F
275,Pendleton,Tom,M
276,Pennington,Sally,F
277,Perkins,Morris,M
278,Petty,Malcolm,M
279,Phelps,Searoba,F
280,Phillips,Byron,M
281,Pickett,Rachel,F
282,Piper,Homer,M
283,Pitts,Jerome,M
284,Poe,Ruby,F
285,Poole,Herman,M
286,Porter,Ara,M
287,Poston,Ella,F
288,Powell,Clinton,M
289,Pratt,Claudia,F
290,Price,Chandler,M
291,Proctor,Archie,M
292,Proffitt,Debbie,F
293,Pruitt,Helen,F
294,Queen,Ricardo,M
295,Rainwaters,Natasha,F
296,Ralston,Cecil,M
297,Ramsey,Kirby,M
298,Ray,Vivian,F
299,Reasoner,Harry,M
300,Rector,Aubrey,F
301,Redford,Orville,M
302,Reed,Shermanda,F
303,Reeves,Inez,F
304,Reid,Drew,M
305,Renfrow,Emanuel,M
306,Reynolds,Llewellyn,M
307,Rhodes,Nadine,F
308,Rice,Mildred,F
309,Rich,Arianne,F
310,Richards,Lana,F
311,Richardson,Jody,F
312,Richmond,Darrin,M
313,Riddle,Troy,M
314,Riggs,Candy,F
315,Riley,Jasper,M
316,Rippy,Elvis,M
317,Roberts,Colleen,F
318,Robertson,Winston,M
319,Robinson,Horace,M
320,Rogers,Bert,M
321,Rose,Lenny,M
322,Ross,Maureen,F
323,Runner,Amos,M
324,Rush,Kristen,F
325,Russell,Simon,M
326,Sadler,JoAnne,F
327,Saltsman,Anita,F
328,Samuels,Clara,F
329,Sanders,Ray,M
330,Scott,Julian,M
331,Sexton,June,F
332,Shannon,Darlene,F
333,Sharp,Wendell,M
334,Shaw,Emmitt,M
335,Shelton,Lillie,F
336,Shepherd,Marcy,F
337,Shields,Hoyt,M
338,Simmons,Shatika,F
339,Simpson,Bart,M
340,Sims,MaryJo,F
341,Smith,Everett,M
342,Sparks,Howard,M
343,Spencer,Lillie,F
344,Stamps,Nick,M
345,Stewart,Hunter,M
346,Stone,Marsha,F
347,Tabor,Damon,M
348,Tanner,Rufus,M
349,Taylor,Stella,F
350,Thomas,Conrad,M
351,Thompson,Hershel,M
352,Tuck,Danielle,F
353,Turner,Cal,M
354,Underwood,Whitney,F
355,Vance,Belinda,F
356,Vaughn,Elmer,M
357,Vincent,Virginia,F
358,Wade,Brandy,F
359,Walden,Clyde,M
360,Walker,Bessie,F
361,Ward,Garlan,M
362,Warden,Gaylen,M
363,Weaver,Leland,M
364,Wells,Grayson,M
365,West,Angie,F
366,Wheeler,Dustin,M
367,White,Barry,M
368,Williams,Harriet,F
369,Willis,Bruce,M
370,Wilson,Dewey,M
371,Wolfe,Inga,F
372,Wood,Fannie,F
373,Yates,Lessie,F
374,York,Connie,F
375,Young,Warren,M
376,Zhang,Jing,M
377,Zeller,Madison,F
378,Chen,Amy,F
379,Chung,Andrew,M
380,Shigeta,Takao,M
381,Fukuda,Asao,M
382,Guerra,Anna,F
383,Guthmiller,David,M
384,Guzman,Aaron,M
385,Guthrie,John,M
386,Hamby,William,M
387,Singnjar,Lidia,F
388,Sing,Ramesh,M
389,Reyes,Alice,F
390,Rhea,Dan,M
391,Ridenour,Gil,M
392,Miranda,Esperanza,F
393,Mitchell,Bret,M
394,Johns,Tommy,M
395,Gayagoy,Thomas,M
396,Doker,David,M
397,Baker,Charlotte,F
398,MacDonald,Aurelio,M
399,Soy,Yath,M
400,Soto,Arturo,M
401,Yamaguchi,Mutsuo,F
402,Ybarra,Angela,F
403,Xiong,Chai,F
404,Wilson,Jennifer,F
405,Wood,Arlene,F
406,Valdez,Augustin,M
407,Santos,Manuel,M
408,Sanguinetti,Elinore,F
409,Ramirez,Lena,F
410,Perez,Fernando,M
411,Nelson,Christina,F
412,Newman,Brandy,F
413,Mann,Scott,M
414,Keaton,James,M
415,Keith,Chan,M
416,Kelly,Alicia,F
417,Islas,Imelda,F
418,Jantzen,Marc,M
419,Guido,Jaime,M
420,Glass,Mike,M
421,George,Dominic,M